{"episodes_this_iter": 0, "info/last_target_update_ts": 87539200, "timers/learn_time_ms": 3.21, "_step": 31, "perf/ram_util_percent": 60.6, "info/num_steps_sampled": 3732861, "time_since_restore": 77.96462750434875, "timesteps_since_restore": 0, "info/learner/default_policy/mean_q": -37.78968048095703, "_runtime": 89.06250238418579, "episode_reward_min": -2100.0, "num_healthy_workers": 2, "episode_len_mean": 413.0, "perf/gpu_util_percent0": 0.025, "iterations_since_restore": 32, "timers/update_time_ms": 2.383, "perf/vram_util_percent0": 0.19977816120285927, "training_iteration": 151, "info/num_weight_syncs": 6088, "episode_reward_mean": -2022.4375, "info/learner/default_policy/cur_lr": 0.0005000000237487257, "time_total_s": 6390.711721658707, "info/num_target_updates": 175, "info/learner/default_policy/min_q": -91.68790435791016, "perf/cpu_util_percent": 27.65, "time_this_iter_s": 2.4950335025787354, "timers/learn_throughput": 31154.999, "info/learner/default_policy/mean_td_error": 2.3366215229034424, "info/num_steps_trained": 87899792, "episode_reward_max": -1805.0, "_timestamp": 1601156931.1932137, "episodes_total": 2898, "timesteps_total": 3732861, "info/learner/default_policy/max_q": -0.4802427291870117, "sampler_perf/mean_inference_ms": 0.8688479979828679, "sampler_perf/mean_env_wait_ms": 17.34504907606386, "sampler_perf/mean_processing_ms": 0.5633570543474371}
