{"info/num_steps_trained": 1099, "episode_reward_max": NaN, "info/learner/vf_explained_var": 0.0037077665328979492, "info/learner/entropy_coeff": 0.009999999776482582, "info/sample_peak_throughput": 49.212, "episode_reward_min": NaN, "info/num_steps_sampled": 1099, "info/grad_time_ms": 546737.92, "info/learner/policy_loss": 0.06983588635921478, "info/learner/entropy": 1.3346209526062012, "perf/gpu_util_percent0": 0.0659817945383615, "optimizer_steps_this_iter": 1, "info/learner/cur_lr": 4.999999873689376e-05, "_step": 0, "info/opt_samples": 1099.0, "timesteps_since_restore": 1099, "episode_reward_mean": NaN, "timesteps_total": 1099, "timesteps_this_iter": 1099, "time_total_s": 569.0842802524567, "episode_len_mean": NaN, "training_iteration": 1, "perf/ram_util_percent": 74.95838751625487, "iterations_since_restore": 1, "num_healthy_workers": 1, "info/opt_peak_throughput": 2.01, "perf/cpu_util_percent": 19.70455136540962, "time_since_restore": 569.0842802524567, "info/update_time_ms": 12.517, "info/learner/cur_kl_coeff": 0.20000000298023224, "info/learner/total_loss": 260.58819580078125, "episodes_this_iter": 0, "info/sample_time_ms": 22331.972, "_runtime": 574.1743640899658, "info/learner/kl": 0.04709736257791519, "perf/vram_util_percent0": 0.9754792964879853, "episodes_total": 0, "_timestamp": 1599132729.2126386, "info/learner/vf_loss": 521.0445556640625, "time_this_iter_s": 569.0842802524567}
