{"episode_len_mean": 401.0769230769231, "info/learner/default_policy/mean_q": -61.99372482299805, "perf/cpu_util_percent": 33.0, "_timestamp": 1601157166.7775745, "info/num_steps_trained": 87909292, "timesteps_total": 3767012, "info/num_target_updates": 175, "timers/learn_time_ms": 4.058, "info/learner/default_policy/max_q": -19.885101318359375, "time_since_restore": 165.9293406009674, "info/learner/default_policy/cur_lr": 0.0005000000237487257, "perf/vram_util_percent0": 0.20622791882343275, "info/learner/default_policy/mean_td_error": -3.87136173248291, "perf/gpu_util_percent0": 0.016666666666666666, "iterations_since_restore": 60, "_step": 59, "training_iteration": 179, "episodes_this_iter": 0, "episode_reward_min": -2100.0, "_runtime": 225.17458581924438, "num_healthy_workers": 2, "timesteps_since_restore": 0, "info/num_steps_sampled": 3767012, "time_this_iter_s": 2.0170891284942627, "episode_reward_mean": -1644.4871794871794, "info/num_weight_syncs": 6088, "episode_reward_max": -200.0, "episodes_total": 2921, "timers/update_time_ms": 2.488, "info/last_target_update_ts": 87539200, "info/learner/default_policy/min_q": -98.2002944946289, "timers/learn_throughput": 24642.516, "time_total_s": 6478.676434755325, "perf/ram_util_percent": 61.20000000000001, "sampler_perf/mean_env_wait_ms": 15.633853877415728, "sampler_perf/mean_processing_ms": 0.5111476943950958, "sampler_perf/mean_inference_ms": 0.7606247340345436}
