{"info/learner/default_policy/cur_lr": 0.0005000000237487257, "num_healthy_workers": 2, "episode_len_mean": 411.5, "iterations_since_restore": 7, "time_total_s": 6332.820424795151, "info/learner/default_policy/min_q": -102.1549301147461, "perf/gpu_util_percent0": 0.0, "info/num_weight_syncs": 6088, "info/last_target_update_ts": 87539200, "info/num_target_updates": 175, "timesteps_total": 3707279, "time_since_restore": 20.073330640792847, "timesteps_since_restore": 0, "_step": 6, "info/num_steps_sampled": 3707279, "time_this_iter_s": 1.984574794769287, "info/learner/default_policy/mean_q": -75.5414047241211, "info/num_steps_trained": 87894592, "perf/vram_util_percent0": 0.22849396105496672, "episode_reward_max": -1806.0, "_runtime": 55.817386865615845, "perf/ram_util_percent": 65.15, "_timestamp": 1601156714.3039408, "episodes_this_iter": 2, "training_iteration": 126, "info/learner/default_policy/mean_td_error": -2.7483365535736084, "timers/learn_time_ms": 3.32, "episodes_total": 2886, "timers/learn_throughput": 30118.512, "perf/cpu_util_percent": 27.8, "episode_reward_mean": -1992.75, "timers/update_time_ms": 2.337, "episode_reward_min": -2065.0, "info/learner/default_policy/max_q": -5.392938613891602, "sampler_perf/mean_env_wait_ms": 15.925605320818569, "sampler_perf/mean_inference_ms": 0.8078200317833563, "sampler_perf/mean_processing_ms": 0.4734748907512132}
