{"info/grad_time_ms": 20328.553, "info/num_steps_sampled": 4000, "info/learner/default_policy/entropy_coeff": 0.009999999776482582, "_step": 1, "info/sample_time_ms": 3634.193, "info/learner/default_policy/policy_loss": 0.0033901017159223557, "episodes_total": 0, "episode_reward_min": NaN, "info/learner/default_policy/entropy": 0.5935782790184021, "episode_len_mean": NaN, "episode_reward_max": NaN, "time_since_restore": 50.96129107475281, "episodes_this_iter": 0, "info/learner/default_policy/vf_loss": 77.23062896728516, "info/load_time_ms": 513.349, "_timestamp": 1598629504.7225256, "time_total_s": 50.96129107475281, "timesteps_this_iter": 2000, "perf/cpu_util_percent": 68.93448275862069, "perf/vram_util_percent0": 0.2659600690165147, "info/learner/default_policy/kl": 0.0019008811796084046, "timesteps_total": 4000, "num_healthy_workers": 5, "info/learner/default_policy/total_loss": 38.612953186035156, "perf/ram_util_percent": 96.45172413793104, "perf/gpu_util_percent0": 0.018965517241379317, "info/learner/default_policy/vf_explained_var": 0.026890035718679428, "info/update_time_ms": 948.782, "optimizer_steps_this_iter": 1, "episode_reward_mean": NaN, "timesteps_since_restore": 4000, "info/learner/default_policy/cur_lr": 4.999999873689376e-05, "info/learner/default_policy/cur_kl_coeff": 0.10000000149011612, "_runtime": 62.37838840484619, "info/num_steps_trained": 4000, "time_this_iter_s": 24.72316837310791, "iterations_since_restore": 2, "training_iteration": 2}
