{"info/learner/default_policy/cur_lr": 0.0005000000237487257, "num_healthy_workers": 2, "episode_len_mean": 410.75, "iterations_since_restore": 6, "time_total_s": 6333.151899576187, "info/learner/default_policy/min_q": -69.88138580322266, "perf/gpu_util_percent0": 0.005, "info/num_weight_syncs": 6088, "info/last_target_update_ts": 87539200, "info/num_target_updates": 175, "timesteps_total": 3706490, "time_since_restore": 20.404805421829224, "timesteps_since_restore": 0, "_step": 5, "info/num_steps_sampled": 3706490, "time_this_iter_s": 2.690746784210205, "info/learner/default_policy/mean_q": -43.19645690917969, "info/num_steps_trained": 87894592, "perf/vram_util_percent0": 0.19706679812669461, "episode_reward_max": -1476.0, "_runtime": 26.023497581481934, "perf/ram_util_percent": 59.4, "_timestamp": 1601156684.5100515, "episodes_this_iter": 2, "training_iteration": 125, "info/learner/default_policy/mean_td_error": 14.289359092712402, "timers/learn_time_ms": 3.125, "episodes_total": 2886, "timers/learn_throughput": 31996.338, "perf/cpu_util_percent": 29.15, "episode_reward_mean": -1665.75, "timers/update_time_ms": 2.294, "episode_reward_min": -1806.0, "info/learner/default_policy/max_q": -0.32138729095458984, "sampler_perf/mean_env_wait_ms": 15.919361789160039, "sampler_perf/mean_inference_ms": 0.8180874080446219, "sampler_perf/mean_processing_ms": 0.47468416496342813}
