{"info/opt_samples": 1250.0, "time_this_iter_s": 22.950587034225464, "info/learner/policy_loss": 0.28714480996131897, "_timestamp": 1599120477.5389705, "timesteps_since_restore": 3750, "info/num_steps_trained": 3750, "info/learner/kl": 2.0647268295288086, "optimizer_steps_this_iter": 1, "episode_reward_mean": NaN, "episode_len_mean": NaN, "perf/ram_util_percent": 80.39354838709679, "info/sample_peak_throughput": 58.061, "_step": 2, "perf/vram_util_percent0": 0.9647164995587078, "info/learner/cur_kl_coeff": 0.44999998807907104, "info/learner/cur_lr": 4.999999873689376e-05, "timesteps_this_iter": 1250, "info/opt_peak_throughput": 54.435, "episodes_total": 0, "time_since_restore": 133.78250288963318, "info/learner/entropy_coeff": 0.009999999776482582, "perf/gpu_util_percent0": 0.039354838709677424, "episode_reward_min": NaN, "training_iteration": 3, "time_total_s": 133.78250288963318, "info/learner/total_loss": 86.23111724853516, "info/num_steps_sampled": 3750, "info/learner/entropy": 0.8166234493255615, "episode_reward_max": NaN, "timesteps_total": 3750, "info/learner/vf_loss": 170.04600524902344, "info/sample_time_ms": 21529.067, "iterations_since_restore": 3, "info/grad_time_ms": 22963.191, "info/update_time_ms": 96.747, "num_healthy_workers": 5, "episodes_this_iter": 0, "_runtime": 151.28389883041382, "perf/cpu_util_percent": 21.203225806451616, "info/learner/vf_explained_var": -0.0015526459319517016}
