{"_step": 2, "info/sample_time_ms": 33930.894, "episode_len_mean": NaN, "timesteps_since_restore": 5568, "iterations_since_restore": 3, "episodes_total": 0, "episodes_this_iter": 0, "info/learner/entropy": 1.5484158992767334, "_timestamp": 1599142249.8585906, "perf/cpu_util_percent": 28.610526315789482, "info/grad_time_ms": 33698.459, "info/num_steps_trained": 5568, "perf/ram_util_percent": 79.09210526315788, "time_total_s": 203.22579407691956, "timesteps_total": 5568, "info/learner/policy_loss": 0.10302679985761642, "timesteps_this_iter": 1487, "info/num_steps_sampled": 5568, "info/learner/vf_loss": 429.3078918457031, "time_this_iter_s": 27.859903573989868, "episode_reward_max": NaN, "info/sample_peak_throughput": 54.699, "info/opt_peak_throughput": 55.077, "info/learner/cur_kl_coeff": 0.44999998807907104, "training_iteration": 3, "info/learner/vf_explained_var": -0.0006752133485861123, "episode_reward_min": NaN, "info/opt_samples": 1856.0, "perf/gpu_util_percent0": 0.10210526315789474, "info/learner/entropy_coeff": 0.009999999776482582, "time_since_restore": 203.22579407691956, "num_healthy_workers": 5, "optimizer_steps_this_iter": 1, "info/learner/kl": 0.10278601199388504, "info/update_time_ms": 106.653, "perf/vram_util_percent0": 0.9404213639842769, "info/learner/cur_lr": 4.999999873689376e-05, "info/learner/total_loss": 214.78773498535156, "_runtime": 232.52431082725525, "episode_reward_mean": NaN}
